Run,Mean Queue Time
0,56.73310745077219
1,40.59931413849338
2,52.75410724334836
3,48.251067736465934
4,49.83302574063548
5,54.64083625872549
6,48.646854412955044
7,57.54263117136619
8,43.75160415252501
9,51.23898853344348
0,6.2400345868504905
1,8.489021074580421
2,7.73949537319086
3,6.240692213208512
4,4.727936739297245
5,5.672705357694999
6,7.010586287513064
7,7.788093586002738
8,4.6646759461016964
9,5.4989074289770405
